<?xml version="1.0" encoding="UTF-8"?>
<project-private xmlns="http://www.netbeans.org/ns/project-private/1">
    <editor-bookmarks xmlns="http://www.netbeans.org/ns/editor-bookmarks/2" lastBookmarkId="0"/>
    <open-files xmlns="http://www.netbeans.org/ns/projectui-open-files/2">
        <group>
            <file>file:/C:/Users/Asus/OneDrive/Documentos/NetBeansProjects/ZCASACliente/src/java/vista/CrudProducto.java</file>
            <file>file:/C:/Users/Asus/OneDrive/Documentos/NetBeansProjects/ZCASACliente/src/java/controlador/Controlador_Login.java</file>
            <file>file:/C:/Users/Asus/OneDrive/Documentos/NetBeansProjects/ZCASACliente/src/java/controlador/MainClassGeneral.java</file>
            <file>file:/C:/Users/Asus/OneDrive/Documentos/NetBeansProjects/ZCASACliente/src/java/vista/Proveedor.java</file>
            <file>file:/C:/Users/Asus/OneDrive/Documentos/NetBeansProjects/ZCASACliente/src/java/vista/Factura.java</file>
            <file>file:/C:/Users/Asus/OneDrive/Documentos/NetBeansProjects/ZCASACliente/src/java/vista/CrudProveedor.java</file>
            <file>file:/C:/Users/Asus/OneDrive/Documentos/NetBeansProjects/ZCASACliente/src/java/vista/PrincipalAdmin.java</file>
            <file>file:/C:/Users/Asus/OneDrive/Documentos/NetBeansProjects/ZCASACliente/src/java/vista/Producto.java</file>
            <file>file:/C:/Users/Asus/OneDrive/Documentos/NetBeansProjects/ZCASACliente/src/java/vista/PrincipalEmpleado.java</file>
            <file>file:/C:/Users/Asus/OneDrive/Documentos/NetBeansProjects/ZCASACliente/src/java/vista/Login.java</file>
        </group>
    </open-files>
</project-private>
